category,question,human_answer,correct_answer,multiple_choice,multi_choice_question,correct_letter,model_answer,Panchavakya,Pratijna,Hetu,Udaharana,Upanaya,Nigamana,Output_with_Panchvakya_zero_shot,Output_without_Panchvakya_zero_shot,Raw_with_Panchvakya_zero_shot,Raw_without_Panchvakya_zero_shot
Puzzle,You have six horses and want to race them to see which is fastest. What is the minimum number of races needed to do this?,Race them on a single race track with at least six lanes - the order in which they cross the finish line determines which is the fastest.,One,"['One', 'Three', 'Unknown', 'Two']","QUESTION
You have six horses and want to race them to see which is fastest. What is the minimum number of races needed to do this?

ANSWERS
A. One
B. Three
C. Unknown
D. Two

Provide an explanation for your thinking and then select a single choice from ANSWERS that answer the QUESTION. Return in JSON format, for example:
{""ANSWER"": ""C""}
",A,"To determine the minimum number of races needed to find the fastest horse among six, let's consider the process step by step. 

1. **First Race**: If you race three horses against each other and then the other three against each other in a second race, you can identify the fastest horse in each group. However, this does not immediately tell you which of these two winners is the fastest overall.

2. **Second Race**: You need a race between the winners of the two initial races to determine the fastest horse overall.

However, the question asks for the minimum number of races to find the fastest horse, not to rank all horses. The approach of dividing the horses into two groups and then racing the winners against each other is the most efficient way to find the single fastest horse.

Therefore, the minimum number of races needed to find the fastest horse among six is **three** (two initial races to find the fastest in each group, and one final race to determine the overall fastest).

{""ANSWER"": ""B""}","{  ""Pratijna"": ""The minimum number of races needed is one."",
  ""Hetu"": ""A single race among all six horses directly identifies the fastest horse."",
  ""Udaharana"": ""In a race with multiple runners, the winner is the fastest (e.g., a 100m sprint with six athletes)."",
  ""Upanaya"": ""Here, all six horses compete in one race, so the outcome directly determines the fastest."",
  ""Nigamana"": ""Therefore, one race is sufficient to determine the fastest horse.""
}",The minimum number of races needed is one.,A single race among all six horses directly identifies the fastest horse.,"In a race with multiple runners, the winner is the fastest (e.g., a 100m sprint with six athletes).","Here, all six horses compete in one race, so the outcome directly determines the fastest.","Therefore, one race is sufficient to determine the fastest horse.",A,,"<think>
Okay, let's see. The question is about determining the minimum number of races needed to find the fastest horse out of six. The options are A (One), B (Three), C (Unknown), D (Two). The Panchavakya provided argues that the answer is A, one race.

The claim (Pratijña) is that one race is enough. The reason (Hetu) is that a single race among all six directly identifies the fastest. The example (Udāharaṇa) is a 100m sprint with six athletes where the winner is the fastest. The application (Upanaya) says all six horses compete in one race, so the outcome directly determines the fastest. The conclusion (Nigamana) is that one race is sufficient.

Hmm, but wait. If you race all six horses in one race, then the fastest one would indeed come out as the winner. So according to this reasoning, the answer should be A. But I remember that in some similar problems, like the classic ""how many races to find the fastest horse with certain track limits,"" the answer might be different. For example, if you can only race a certain number of horses at a time, you need more races. But here, the question doesn't specify any restrictions on the number of horses per race. So if you can race all six at once, then one race is enough. The Panchavakya's reasoning seems valid here. The example given is analogous to a sprint where all compete at once. So the answer should be A. The options don't mention any constraints, so the correct answer based on the provided reasoning is A.
</think>

{""answer"": ""A""}","<think>
Okay, let's see. The user wants me to solve a multiple-choice question by selecting the best answer based only on the question and options provided. They mentioned to respond only with the correct option letter in JSON format. But wait, the example they gave is just a placeholder. The actual question and options aren't here. Hmm, maybe they forgot to include the actual question. Without the question and options, I can't determine the correct answer. I need to point out that the necessary information is missing. Let me check again. The user provided an example response but no actual question. So I should inform them that the question and options are missing. I can't proceed without that. I'll have to ask for the actual question and options to be provided so I can help correctly.
</think>

The question and options are missing from your message. Please provide the actual multiple-choice question and its options so I can assist in selecting the correct answer."
Puzzle,"Suppose you're on a game show, and you're given the choice of three doors: Behind one door is a gold bar; behind the others, rotten vegetables. You pick a door, say No. 1, and the host asks you 'Do you want to pick door No. 2 instead?' What choice of door now gives you the biggest advantage?",It is not an advantage to switch. It makes no difference if I switch or not because no additional material information has been provided since the initial choice.,They have equal probability of winning,"['Door No.2', 'Door No.1', 'Door No.3', 'They have equal probability of winning']","QUESTION
Suppose you're on a game show, and you're given the choice of three doors: Behind one door is a gold bar; behind the others, rotten vegetables. You pick a door, say No. 1, and the host asks you 'Do you want to pick door No. 2 instead?' What choice of door now gives you the biggest advantage?

ANSWERS
A. Door No.2
B. Door No.1
C. Door No.3
D. They have equal probability of winning

Provide an explanation for your thinking and then select a single choice from ANSWERS that answer the QUESTION. Return in JSON format, for example:
{""ANSWER"": ""B""}
",D,"This problem is a variation of the classic Monty Hall problem. The key to understanding the solution lies in recognizing that the host's action of offering an alternative door is not random; it is based on knowledge of what's behind the doors. When you initially choose a door, there is a 1/3 chance that the gold bar is behind that door and a 2/3 chance that it is behind one of the other two doors.

When the host offers you the chance to switch to door No. 2, he knows what's behind the doors. If the gold bar were behind door No. 1 (your original choice), the host could offer you either of the other two doors, as both have rotten vegetables. However, if the gold bar is behind one of the other two doors (which has a 2/3 probability), the host will only offer you the door with the rotten vegetables. 

Thus, if you switch to door No. 2, you effectively get the benefit of the 2/3 probability that the gold bar was not behind your original choice, because the host's offer is constrained by the need to offer you a door that does not have the gold bar if your original choice was incorrect.

Given this analysis, the best strategy is to switch doors, as this gives you a 2/3 chance of winning the gold bar, compared to a 1/3 chance if you stick with your original choice.

{""ANSWER"": ""A""}","{  ""Pratijna"": ""Switching to Door No. 2 gives a higher probability of winning the gold bar."",
  ""Hetu"": ""The host’s action of revealing a vegetable door provides new information, increasing the probability of the unchosen door containing the gold bar from 1/3 to 2/3."",
  ""Udaharana"": ""Imagine 100 doors with 1 gold bar. You pick one, and the host opens 98 doors with vegetables. Switching to the remaining unopened door gives a 99/100 chance of winning."",
  ""Upanaya"": ""In the three-door case, if you initially pick a vegetable (2/3 chance), the host must open the other vegetable door, leaving the gold bar behind the unchosen door. Switching capitalizes on this 2/3 probability."",
  ""Nigamana"": ""Therefore, switching to Door No. 2 maximizes your chance of winning the gold bar (2/3 probability) compared to sticking with Door No. 1 (1/3 probability).""
}",Switching to Door No. 2 gives a higher probability of winning the gold bar.,"The host’s action of revealing a vegetable door provides new information, increasing the probability of the unchosen door containing the gold bar from 1/3 to 2/3.","Imagine 100 doors with 1 gold bar. You pick one, and the host opens 98 doors with vegetables. Switching to the remaining unopened door gives a 99/100 chance of winning.","In the three-door case, if you initially pick a vegetable (2/3 chance), the host must open the other vegetable door, leaving the gold bar behind the unchosen door. Switching capitalizes on this 2/3 probability.","Therefore, switching to Door No. 2 maximizes your chance of winning the gold bar (2/3 probability) compared to sticking with Door No. 1 (1/3 probability).",A,,"<think>
Okay, let's see. The question is about the Monty Hall problem, right? So, there are three doors, one has a gold bar, the others have vegetables. I pick door No. 1, then the host asks if I want to switch to door No. 2. The options are which door gives the best chance.

The Panchavakya structure here explains that switching gives a higher probability. The claim is that switching to door 2 is better. The reason is that the host's action gives new info, increasing the probability. The example with 100 doors makes sense because if you pick one and the host opens 98, switching gives a much higher chance. Then the application says in three doors, if you initially picked a vegetable (which is 2/3 chance), the host shows the other vegetable, so switching gets you the gold. So the conclusion is switching to door 2 (which is the other unopened door) gives 2/3 chance, while staying with door 1 is 1/3.

So the options are A: door 2, B: door 1, C: door 3, D: equal. The reasoning says switching to door 2 is better. But wait, in the problem, the host offers to switch to door 2. But what if the host didn't open a door? Wait, in the original problem, the host opens a door to reveal a vegetable, then offers a switch. But in the question here, the host just asks to pick door 2 instead. Wait, maybe the setup here is slightly different. Wait, the user says: ""You pick a door, say No. 1, and the host asks you 'Do you want to pick door No. 2 instead?'"" So the host is offering to switch to door 2. But in the standard problem, the host opens a door first. Hmm. Wait, maybe there's a misunderstanding here. Let me check the Panchavakya again.

The Panchavakya's example uses the standard Monty Hall scenario where the host reveals a goat (vegetable here) and then offers a switch. The Udaharana example with 100 doors also follows that. The Upanaya says that if you initially pick a vegetable (2/3 chance), the host must open the other vegetable door, leaving the gold in the unchosen door. So in the three-door case, when you pick door 1, there's a 2/3 chance the gold is in another door. The host then opens a door (say door 3) to show a vegetable, so switching to door 2 (the remaining unopened one) gives you the 2/3 chance. Therefore, the correct choice is to switch to door 2, which is option A. The options here are A: door 2, B: door 1, etc. So the answer should be A.
</think>

{""answer"": ""A""}","<think>
Okay, let's see. The user wants me to solve a multiple-choice question by selecting the best answer based only on the question and options provided. They mentioned to respond only with the correct option letter in JSON format. But wait, the example they gave is just a placeholder. The actual question and options aren't here. Hmm, maybe they forgot to include the actual question. Without the question and options, I can't determine the correct answer. I need to point out that the necessary information is missing. Let me check again. The user provided an example response but no actual question. So I should inform them that the question and options are missing. I can't proceed without that. I'll have to ask for the actual question and options to be provided so I can help correctly.
</think>

The question and options are missing from your message. Please provide the actual multiple-choice question and its options so I can assist in selecting the correct answer."
Spatial,"You are playing Russian roulette with a six-shooter revolver. Your opponent puts in five bullets, spins the chambers and fires at himself, but no bullet comes out. He gives you the choice of whether or not you should spin the chambers again before firing at yourself. Should you spin?","Yes, you should spin again. There was only one empty chamber to start with which was fortunately aligned with the barrel when the opponent fired at himself. This means that the next chamber is 100% certain to have a bullet in which will fire when you next pull the trigger, very likely killing you. However, if you spin the chamber then you have a 5/6 chance of firing a bullet and a 1/6 chance of getting the empty chamber.","Yes, you should spin again","['No, you should not spin again', 'The probabilities are random and unknown', 'It makes no difference if you spin again or not', 'Yes, you should spin again']","QUESTION
You are playing Russian roulette with a six-shooter revolver. Your opponent puts in five bullets, spins the chambers and fires at himself, but no bullet comes out. He gives you the choice of whether or not you should spin the chambers again before firing at yourself. Should you spin?

ANSWERS
A. No, you should not spin again
B. The probabilities are random and unknown
C. It makes no difference if you spin again or not
D. Yes, you should spin again

Provide an explanation for your thinking and then select a single choice from ANSWERS that answer the QUESTION. Return in JSON format, for example:
{""ANSWER"": ""D""}
",D,"To approach this problem, let's break down the probabilities involved in the game of Russian roulette under the given conditions.

Initially, when the revolver is loaded with five bullets and one empty chamber, the probability of firing a bullet is 5/6, and the probability of not firing a bullet (hitting the empty chamber) is 1/6.

When your opponent spins the chambers and fires at himself but no bullet comes out, it means he has hit the empty chamber. At this point, the revolver's configuration is no longer random because we have new information: one of the chambers is known to be empty, and it's the one that was just fired.

Now, if you do not spin the chambers again, you effectively have a revolver with five bullets and one empty chamber, but you know the next chamber in line is not empty because the empty one was just fired. This means the probability of firing a bullet if you do not spin is 5/5 or 100% for the next chamber in line.

On the other hand, if you spin the chambers again, you reintroduce randomness into the configuration. The probability of firing a bullet goes back to 5/6, and the probability of not firing a bullet (hitting the empty chamber) goes back to 1/6.

Given these probabilities, spinning the chambers again gives you a 1/6 chance of survival, whereas not spinning guarantees a fatal outcome based on the mechanics of the game as described.

Therefore, the logical choice is to spin the chambers again to have at least a 1/6 chance of survival.

{""ANSWER"": ""D""}","{  ""Pratijna"": ""You should spin the chambers again before firing."",
  ""Hetu"": ""If you don’t spin, the very next chamber must contain a bullet—there’s only one empty chamber and it’s just been used."",
  ""Udaharana"": ""Imagine a ring of six slots with five bullets (B) and one empty (E): B-B-B-E-B-B. Once E fires, advancing to the next always lands on B."",
  ""Upanaya"": ""In our game, your opponent’s shot came from the lone empty slot; without spinning, your shot moves to the next sequential slot, which must be loaded."",
  ""Nigamana"": ""Therefore, to restore a 1-in-6 chance rather than a certain death, you should spin again.""
}",You should spin the chambers again before firing.,"If you don’t spin, the very next chamber must contain a bullet—there’s only one empty chamber and it’s just been used.","Imagine a ring of six slots with five bullets (B) and one empty (E): B-B-B-E-B-B. Once E fires, advancing to the next always lands on B.","In our game, your opponent’s shot came from the lone empty slot; without spinning, your shot moves to the next sequential slot, which must be loaded.","Therefore, to restore a 1-in-6 chance rather than a certain death, you should spin again.",D,,"<think>
Okay, let's try to figure this out. So the question is about Russian roulette. The setup is a six-shooter revolver with five bullets. The opponent spins the chambers, fires at himself, and nothing happens. Now, the question is whether I should spin again before firing at myself.

The Panchavakya structure provided gives a logical argument. Let me break it down step by step. 

First, the claim (Pratijña) is that you should spin again. The reason (Hetu) is that if you don't spin, the next chamber must have a bullet. The example (Udāharaṇa) shows a sequence where after the empty chamber fires, the next one is definitely a bullet. The application (Upanaya) says that since the opponent's shot was from the only empty slot, the next one without spinning would be loaded. The conclusion (Nigamana) is that spinning again gives a 1 in 6 chance instead of certain death.

So, if there are six chambers and five bullets, initially, the chance of firing a bullet is 5/6. But after the opponent fires and it's empty, there's one empty chamber left. If we don't spin again, the next chamber is the next in sequence. Since there's only one empty chamber, and it's already been used, the next one must be a bullet. Therefore, not spinning would mean certain death (100% chance of bullet). If you do spin again, you randomize it again, so there's one empty out of six chambers, so 1/6 chance of surviving. 

So according to the reasoning in the Panchavakya, the correct choice is to spin again, which is Option D. The options are A: No, B: Random, C: No difference, D: Yes. The argument clearly states that spinning again is better, so the answer should be D.
</think>

{""answer"": ""D""}","<think>
Okay, let's see. The user wants me to solve a multiple-choice question by selecting the best answer based only on the question and options provided. They mentioned to respond only with the correct option letter in JSON format. But wait, the example they gave is just a placeholder. The actual question and options aren't here. Hmm, maybe they forgot to include the actual question. Without the question and options, I can't determine the correct answer. I need to point out that the necessary information is missing. Let me check again. The user provided an example response but no actual question. So I should inform them that the question and options are missing. I can't proceed without that. I'll have to ask for the actual question and options to be provided so I can help correctly.
</think>

The question and options are missing from your message. Please provide the actual multiple-choice question and its options so I can assist in selecting the correct answer."
Puzzle,"A farmer wants to cross a river and take with him a wolf, a goat and a cabbage. He has a boat with three secure separate compartments. If the wolf and the goat are alone on one shore, the wolf will eat the goat. If the goat and the cabbage are alone on the shore, the goat will eat the cabbage. What is the minimum number of crossings the farmer needs to make to bring the wolf, the goat and the cabbage across the river without anything being eaten?","Place the wolf, goat, and cabbage in separate secure compartments in the boat and row across the river in one crossing without being harmed.",One crossing,"['Five crossings', 'The animals are not able to be transported across the river without being eaten.', 'Seven crossings', 'One crossing']","QUESTION
A farmer wants to cross a river and take with him a wolf, a goat and a cabbage. He has a boat with three secure separate compartments. If the wolf and the goat are alone on one shore, the wolf will eat the goat. If the goat and the cabbage are alone on the shore, the goat will eat the cabbage. What is the minimum number of crossings the farmer needs to make to bring the wolf, the goat and the cabbage across the river without anything being eaten?

ANSWERS
A. Five crossings
B. The animals are not able to be transported across the river without being eaten.
C. Seven crossings
D. One crossing

Provide an explanation for your thinking and then select a single choice from ANSWERS that answer the QUESTION. Return in JSON format, for example:
{""ANSWER"": ""B""}
",D,"To solve this problem, we need to ensure that the wolf and the goat are never left together on one shore without the farmer, and the goat and the cabbage are also never left together on one shore without the farmer. Here's a step-by-step solution:

1. The farmer takes the goat across the river first and leaves it on the other side. This is the first crossing.
2. The farmer goes back to the original side to pick up either the wolf or the cabbage. Let's say he picks up the wolf. This is the second crossing.
3. The farmer leaves the wolf on the other side with the goat, but he cannot leave them together. So, he takes the goat back to the original side. This is the third crossing.
4. The farmer leaves the goat on the original side and picks up the cabbage. He then takes the cabbage across the river and leaves it on the other side with the wolf. This is the fourth crossing.
5. Finally, the farmer goes back to the original side to pick up the goat and takes it across the river again. This is the fifth crossing.

At this point, the farmer has successfully transported the wolf, the goat, and the cabbage across the river without anything being eaten. The minimum number of crossings required is five.

{""ANSWER"": ""A""}","{  ""Pratijna"": ""The minimum number of crossings required is seven."",
  ""Hetu"": ""The farmer must ensure the wolf and goat, and the goat and cabbage are never left alone together on either shore, requiring multiple trips to safely transport all items."",
  ""Udaharana"": ""In the classic river crossing puzzle, the farmer takes the goat first, returns alone, then takes the wolf or cabbage, and repeats trips to avoid conflicts, requiring seven crossings."",
  ""Upanaya"": ""In this scenario, the secure compartments allow the farmer to transport items safely during trips, but the constraints of not leaving the wolf with the goat or the goat with the cabbage necessitate the same seven-step sequence as the classic solution."",
  ""Nigamana"": ""Therefore, the minimum number of crossings required to safely transport all three items without any being eaten is seven.""
}",The minimum number of crossings required is seven.,"The farmer must ensure the wolf and goat, and the goat and cabbage are never left alone together on either shore, requiring multiple trips to safely transport all items.","In the classic river crossing puzzle, the farmer takes the goat first, returns alone, then takes the wolf or cabbage, and repeats trips to avoid conflicts, requiring seven crossings.","In this scenario, the secure compartments allow the farmer to transport items safely during trips, but the constraints of not leaving the wolf with the goat or the goat with the cabbage necessitate the same seven-step sequence as the classic solution.","Therefore, the minimum number of crossings required to safely transport all three items without any being eaten is seven.",C,,"<think>
Okay, let's see. The question is about a classic river crossing puzzle. The farmer needs to get a wolf, a goat, and a cabbage across the river without any of them being eaten. The boat has three separate compartments, so maybe he can carry more than one at a time? Wait, the problem says the boat has three secure separate compartments. Hmm, but the farmer can probably only take one or two items at a time, depending on the setup.

The classic version of this problem usually requires the farmer to make several trips, ensuring that the wolf and goat aren't left alone, and the goat and cabbage aren't left alone. In the standard solution without compartments, the farmer takes the goat first, then goes back, then takes either the wolf or cabbage, leaves it, brings the goat back, then takes the other item, and finally goes back to get the goat again. That's usually seven crossings: four trips there and three back, totaling seven.

But here, the boat has three compartments. Wait, does that mean the farmer can take all three at once? If the compartments are secure, maybe he can take all three in one trip. But the problem states that the farmer wants to cross the river and take them with him. So maybe he can take all three in one go? But then why would there be a problem? Because if he takes all three, then when he's on the other side, he can leave them all there safely. But the problem says he needs to make crossings. Wait, maybe the boat can only carry one item at a time? Or maybe the compartments allow him to carry multiple items safely during the trip, but he can't take all three in one trip because he needs to manage the combinations.

Wait, the Panchavakya reasoning says that the secure compartments allow safe transport during trips, but the constraints are the same as the classic problem. The example given in the Udaharana is the classic seven-crossing solution. So even with the compartments, the solution requires seven crossings. The compartments might mean that during the trip, the items are safe, but when he leaves them on either shore, he has to make sure they aren't left with each other. So the compartments don't change the fact that he can't leave the wolf and goat together or the goat and cabbage together. Therefore, the solution remains the same as the classic seven crossings. So the answer should be C, seven crossings.
</think>

{""answer"": ""C""}","<think>
Okay, let's see. The user wants me to solve a multiple-choice question by selecting the best answer based only on the question and options provided. They mentioned to respond only with the correct option letter in JSON format. But wait, the example they gave is just a placeholder. The actual question and options aren't here. Hmm, maybe they forgot to include the actual question. Without the question and options, I can't determine the correct answer. I need to point out that the necessary information is missing. Let me check again. The user provided an example response but no actual question. So I should inform them that the question and options are missing. I can't proceed without that. I'll have to ask for the actual question and options to be provided so I can help correctly.
</think>

The question and options are missing from your message. Please provide the actual multiple-choice question and its options so I can assist in selecting the correct answer."
Puzzle,"Bob has three boxes in front of him - Box A, Box B and Box C. Bob does not know what is in the boxes. Colin knows that Box A will explode when it is opened, Box B contains 5 dollars and Box C is empty. Should Bob open a box? What box should Bob open?",Bob should not open a box because he has a 1/3 chance of killing himself. The 1/3 chance of “winning” $5 is generally not worth that sort of risk!,"No, Bob should not open any box","['Yes, Box C', 'No, Bob should not open any box', 'Yes, Box B', 'Yes, Box A']","QUESTION
Bob has three boxes in front of him - Box A, Box B and Box C. Bob does not know what is in the boxes. Colin knows that Box A will explode when it is opened, Box B contains 5 dollars and Box C is empty. Should Bob open a box? What box should Bob open?

ANSWERS
A. Yes, Box C
B. No, Bob should not open any box
C. Yes, Box B
D. Yes, Box A

Provide an explanation for your thinking and then select a single choice from ANSWERS that answer the QUESTION. Return in JSON format, for example:
{""ANSWER"": ""D""}
",B,"To solve this, let's consider the information and outcomes:

1. **Box A will explode when opened**: This is the worst-case scenario, resulting in harm or significant negative consequences. It's crucial to avoid opening this box.

2. **Box B contains 5 dollars**: This is a positive outcome, albeit a small one. Opening this box results in a gain but does not provide information about the other boxes' contents.

3. **Box C is empty**: Opening this box provides no immediate gain but is also risk-free. 

Given that Bob does not know what is in the boxes, but we (or Colin) do, the decision should prioritize avoiding harm (not opening Box A) and then consider the potential gain (opening Box B) versus no gain but also no risk (opening Box C).

However, since Bob lacks the information to make an informed decision, and we are considering what Bob should do based on his lack of knowledge, the safest approach for Bob is to avoid the risk of significant harm. Without knowing which box is which, opening any box poses the risk of it being Box A, which is undesirable.

Therefore, the best advice for Bob, given his lack of information, is to not open any box, as this is the only way to guarantee avoiding the explosion.

{""ANSWER"": ""B""}","{  ""Pratijna"": ""Bob should open Box B."",
  ""Hetu"": ""Box B contains 5 dollars and is safe to open, unlike Box A which explodes."",
  ""Udaharana"": ""If you have a choice between a box with a prize, a box with nothing, and a dangerous box, the rational choice is the prize box."",
  ""Upanaya"": ""In this scenario, Box B is the only box with a reward (5 dollars) and no risk, making it the optimal choice."",
  ""Nigamana"": ""Therefore, Bob should open Box B to safely obtain the 5 dollars.""
}",Bob should open Box B.,"Box B contains 5 dollars and is safe to open, unlike Box A which explodes.","If you have a choice between a box with a prize, a box with nothing, and a dangerous box, the rational choice is the prize box.","In this scenario, Box B is the only box with a reward (5 dollars) and no risk, making it the optimal choice.","Therefore, Bob should open Box B to safely obtain the 5 dollars.",C,,"<think>
Okay, let's see. The question is about Bob and three boxes. He doesn't know what's inside, but Colin knows. The boxes are A, B, and C. The problem is whether Bob should open a box and which one.

The options are A to D. The Panchavakya structure is given, which outlines the argument. The claim (Pratijña) is that Bob should open Box B. The reason (Hetu) is that Box B has 5 dollars and is safe, unlike Box A which explodes. The example (Udāharaṇa) compares it to choosing between a prize, nothing, and danger. The application (Upanaya) says Box B is the only one with a reward and no risk. The conclusion (Nigamana) is that Bob should open Box B to get the money safely.

Looking at the options: Option C is ""Yes, Box B"". The reasoning in the Panchavakya clearly points to Box B being the correct choice because it's safe and has the reward. Box A is dangerous, so opening it (Option D) is bad. Box C is empty, so Option A says to open it, but since there's no reward, the best choice is B. Option B says not to open any, but the reasoning says to open B. So the correct answer should be C.
</think>

{""answer"": ""C""}","<think>
Okay, let's see. The user wants me to solve a multiple-choice question by selecting the best answer based only on the question and options provided. They mentioned to respond only with the correct option letter in JSON format. But wait, the example they gave is just a placeholder. The actual question and options aren't here. Hmm, maybe they forgot to include the actual question. Without the question and options, I can't determine the correct answer. I need to point out that the necessary information is missing. Let me check again. The user provided an example response but no actual question. So I should inform them that the question and options are missing. I can't proceed without that. I'll have to ask for the actual question and options to be provided so I can help correctly.
</think>

The question and options are missing from your message. Please provide the actual multiple-choice question and its options so I can assist in selecting the correct answer."
